cycle,branch,model,modeldate,candidate_inc,candidate_chal,candidate_3rd,evprob_inc,evprob_chal,evprob_3rd,total_ev,timestamp,simulations
2020,President,polls-plus,9/3/2020,Trump,Biden,"",.0019,.000025,,99,14:02:03  3 Sep 2020,40000
2020,President,polls-plus,9/3/2020,Trump,Biden,"",.0016,.00005,,98,14:02:03  3 Sep 2020,40000
2020,President,polls-plus,9/3/2020,Trump,Biden,"",.002425,.000025,,97,14:02:03  3 Sep 2020,40000
2020,President,polls-plus,9/3/2020,Trump,Biden,"",.0018,0,,96,14:02:03  3 Sep 2020,40000
2020,President,polls-plus,9/3/2020,Trump,Biden,"",.00105,.000025,,95,14:02:03  3 Sep 2020,40000
2020,President,polls-plus,9/3/2020,Trump,Biden,"",.00235,.000025,,94,14:02:03  3 Sep 2020,40000
2020,President,polls-plus,9/3/2020,Trump,Biden,"",.002,0,,93,14:02:03  3 Sep 2020,40000
2020,President,polls-plus,9/3/2020,Trump,Biden,"",.00165,.00005,,92,14:02:03  3 Sep 2020,40000
2020,President,polls-plus,9/3/2020,Trump,Biden,"",.001575,.000025,,91,14:02:03  3 Sep 2020,40000
2020,President,polls-plus,9/3/2020,Trump,Biden,"",.00095,0,,90,14:02:03  3 Sep 2020,40000
2020,President,polls-plus,9/3/2020,Trump,Biden,"",.000225,0,,9,14:02:03  3 Sep 2020,40000
2020,President,polls-plus,9/3/2020,Trump,Biden,"",.001175,0,,89,14:02:03  3 Sep 2020,40000
2020,President,polls-plus,9/3/2020,Trump,Biden,"",.001825,0,,88,14:02:03  3 Sep 2020,40000
2020,President,polls-plus,9/3/2020,Trump,Biden,"",.001275,.000075,,87,14:02:03  3 Sep 2020,40000
2020,President,polls-plus,9/3/2020,Trump,Biden,"",.00105,0,,86,14:02:03  3 Sep 2020,40000
2020,President,polls-plus,9/3/2020,Trump,Biden,"",.0015,0,,85,14:02:03  3 Sep 2020,40000
2020,President,polls-plus,9/3/2020,Trump,Biden,"",.000825,0,,84,14:02:03  3 Sep 2020,40000
2020,President,polls-plus,9/3/2020,Trump,Biden,"",.0018,0,,83,14:02:03  3 Sep 2020,40000
2020,President,polls-plus,9/3/2020,Trump,Biden,"",.00165,.000025,,82,14:02:03  3 Sep 2020,40000
2020,President,polls-plus,9/3/2020,Trump,Biden,"",.000875,0,,81,14:02:03  3 Sep 2020,40000
2020,President,polls-plus,9/3/2020,Trump,Biden,"",.001425,.00005,,80,14:02:03  3 Sep 2020,40000
2020,President,polls-plus,9/3/2020,Trump,Biden,"",.00025,0,,8,14:02:03  3 Sep 2020,40000
2020,President,polls-plus,9/3/2020,Trump,Biden,"",.000625,.00005,,79,14:02:03  3 Sep 2020,40000
2020,President,polls-plus,9/3/2020,Trump,Biden,"",.000725,.00005,,78,14:02:03  3 Sep 2020,40000
2020,President,polls-plus,9/3/2020,Trump,Biden,"",.00115,0,,77,14:02:03  3 Sep 2020,40000
2020,President,polls-plus,9/3/2020,Trump,Biden,"",.0014,0,,76,14:02:03  3 Sep 2020,40000
2020,President,polls-plus,9/3/2020,Trump,Biden,"",.00085,.000025,,75,14:02:03  3 Sep 2020,40000
2020,President,polls-plus,9/3/2020,Trump,Biden,"",.001375,0,,74,14:02:03  3 Sep 2020,40000
2020,President,polls-plus,9/3/2020,Trump,Biden,"",.001025,.000025,,73,14:02:03  3 Sep 2020,40000
2020,President,polls-plus,9/3/2020,Trump,Biden,"",.001375,.000025,,72,14:02:03  3 Sep 2020,40000
2020,President,polls-plus,9/3/2020,Trump,Biden,"",.001,0,,71,14:02:03  3 Sep 2020,40000
2020,President,polls-plus,9/3/2020,Trump,Biden,"",.000825,0,,70,14:02:03  3 Sep 2020,40000
2020,President,polls-plus,9/3/2020,Trump,Biden,"",.00005,0,,7,14:02:03  3 Sep 2020,40000
2020,President,polls-plus,9/3/2020,Trump,Biden,"",.00065,0,,69,14:02:03  3 Sep 2020,40000
2020,President,polls-plus,9/3/2020,Trump,Biden,"",.001,0,,68,14:02:03  3 Sep 2020,40000
2020,President,polls-plus,9/3/2020,Trump,Biden,"",.000575,.000025,,67,14:02:03  3 Sep 2020,40000
2020,President,polls-plus,9/3/2020,Trump,Biden,"",.00095,.00005,,66,14:02:03  3 Sep 2020,40000
2020,President,polls-plus,9/3/2020,Trump,Biden,"",.0008,0,,65,14:02:03  3 Sep 2020,40000
2020,President,polls-plus,9/3/2020,Trump,Biden,"",.0005,0,,64,14:02:03  3 Sep 2020,40000
2020,President,polls-plus,9/3/2020,Trump,Biden,"",.00095,.000025,,63,14:02:03  3 Sep 2020,40000
2020,President,polls-plus,9/3/2020,Trump,Biden,"",.001,.000025,,62,14:02:03  3 Sep 2020,40000
2020,President,polls-plus,9/3/2020,Trump,Biden,"",.00055,.00005,,61,14:02:03  3 Sep 2020,40000
2020,President,polls-plus,9/3/2020,Trump,Biden,"",.000925,0,,60,14:02:03  3 Sep 2020,40000
2020,President,polls-plus,9/3/2020,Trump,Biden,"",.00015,.000075,,6,14:02:03  3 Sep 2020,40000
2020,President,polls-plus,9/3/2020,Trump,Biden,"",.000775,0,,59,14:02:03  3 Sep 2020,40000
2020,President,polls-plus,9/3/2020,Trump,Biden,"",.000525,.00005,,58,14:02:03  3 Sep 2020,40000
2020,President,polls-plus,9/3/2020,Trump,Biden,"",.00095,0,,57,14:02:03  3 Sep 2020,40000
2020,President,polls-plus,9/3/2020,Trump,Biden,"",.000725,0,,56,14:02:03  3 Sep 2020,40000
2020,President,polls-plus,9/3/2020,Trump,Biden,"",.000775,0,,55,14:02:03  3 Sep 2020,40000
2020,President,polls-plus,9/3/2020,Trump,Biden,"",.00085,0,,54,14:02:03  3 Sep 2020,40000
2020,President,polls-plus,9/3/2020,Trump,Biden,"",0,.0001,,538,14:02:03  3 Sep 2020,40000
2020,President,polls-plus,9/3/2020,Trump,Biden,"",0,.000125,,537,14:02:03  3 Sep 2020,40000
2020,President,polls-plus,9/3/2020,Trump,Biden,"",0,0,,536,14:02:03  3 Sep 2020,40000
2020,President,polls-plus,9/3/2020,Trump,Biden,"",.000125,.00005,,535,14:02:03  3 Sep 2020,40000
2020,President,polls-plus,9/3/2020,Trump,Biden,"",0,.0004,,534,14:02:03  3 Sep 2020,40000
2020,President,polls-plus,9/3/2020,Trump,Biden,"",0,.0001,,533,14:02:03  3 Sep 2020,40000
2020,President,polls-plus,9/3/2020,Trump,Biden,"",.000075,.00015,,532,14:02:03  3 Sep 2020,40000
2020,President,polls-plus,9/3/2020,Trump,Biden,"",0,.00005,,531,14:02:03  3 Sep 2020,40000
2020,President,polls-plus,9/3/2020,Trump,Biden,"",0,.00025,,530,14:02:03  3 Sep 2020,40000
2020,President,polls-plus,9/3/2020,Trump,Biden,"",.0004,0,,53,14:02:03  3 Sep 2020,40000
2020,President,polls-plus,9/3/2020,Trump,Biden,"",0,.000225,,529,14:02:03  3 Sep 2020,40000
2020,President,polls-plus,9/3/2020,Trump,Biden,"",0,.000075,,528,14:02:03  3 Sep 2020,40000
2020,President,polls-plus,9/3/2020,Trump,Biden,"",.000025,.000275,,527,14:02:03  3 Sep 2020,40000
2020,President,polls-plus,9/3/2020,Trump,Biden,"",0,.0001,,526,14:02:03  3 Sep 2020,40000
2020,President,polls-plus,9/3/2020,Trump,Biden,"",0,.00015,,525,14:02:03  3 Sep 2020,40000
2020,President,polls-plus,9/3/2020,Trump,Biden,"",0,.0001,,524,14:02:03  3 Sep 2020,40000
2020,President,polls-plus,9/3/2020,Trump,Biden,"",0,.000125,,523,14:02:03  3 Sep 2020,40000
2020,President,polls-plus,9/3/2020,Trump,Biden,"",0,.00035,,522,14:02:03  3 Sep 2020,40000
2020,President,polls-plus,9/3/2020,Trump,Biden,"",0,.000225,,521,14:02:03  3 Sep 2020,40000
2020,President,polls-plus,9/3/2020,Trump,Biden,"",0,.00015,,520,14:02:03  3 Sep 2020,40000
2020,President,polls-plus,9/3/2020,Trump,Biden,"",.0008,0,,52,14:02:03  3 Sep 2020,40000
2020,President,polls-plus,9/3/2020,Trump,Biden,"",0,.0001,,519,14:02:03  3 Sep 2020,40000
2020,President,polls-plus,9/3/2020,Trump,Biden,"",0,.000425,,518,14:02:03  3 Sep 2020,40000
2020,President,polls-plus,9/3/2020,Trump,Biden,"",0,.0001,,517,14:02:03  3 Sep 2020,40000
2020,President,polls-plus,9/3/2020,Trump,Biden,"",0,.000225,,516,14:02:03  3 Sep 2020,40000
2020,President,polls-plus,9/3/2020,Trump,Biden,"",.00005,.0004,,515,14:02:03  3 Sep 2020,40000
2020,President,polls-plus,9/3/2020,Trump,Biden,"",0,.0001,,514,14:02:03  3 Sep 2020,40000
2020,President,polls-plus,9/3/2020,Trump,Biden,"",0,.000425,,513,14:02:03  3 Sep 2020,40000
2020,President,polls-plus,9/3/2020,Trump,Biden,"",.000025,.00035,,512,14:02:03  3 Sep 2020,40000
2020,President,polls-plus,9/3/2020,Trump,Biden,"",0,.00015,,511,14:02:03  3 Sep 2020,40000
2020,President,polls-plus,9/3/2020,Trump,Biden,"",0,.000175,,510,14:02:03  3 Sep 2020,40000
2020,President,polls-plus,9/3/2020,Trump,Biden,"",.00095,0,,51,14:02:03  3 Sep 2020,40000
2020,President,polls-plus,9/3/2020,Trump,Biden,"",0,.000675,,509,14:02:03  3 Sep 2020,40000
2020,President,polls-plus,9/3/2020,Trump,Biden,"",.000025,.0001,,508,14:02:03  3 Sep 2020,40000
2020,President,polls-plus,9/3/2020,Trump,Biden,"",0,.00045,,507,14:02:03  3 Sep 2020,40000
2020,President,polls-plus,9/3/2020,Trump,Biden,"",.000025,.000475,,506,14:02:03  3 Sep 2020,40000
2020,President,polls-plus,9/3/2020,Trump,Biden,"",0,.000425,,505,14:02:03  3 Sep 2020,40000
2020,President,polls-plus,9/3/2020,Trump,Biden,"",0,.0005,,504,14:02:03  3 Sep 2020,40000
2020,President,polls-plus,9/3/2020,Trump,Biden,"",0,.000575,,503,14:02:03  3 Sep 2020,40000
2020,President,polls-plus,9/3/2020,Trump,Biden,"",.000025,.00015,,502,14:02:03  3 Sep 2020,40000
2020,President,polls-plus,9/3/2020,Trump,Biden,"",0,.0005,,501,14:02:03  3 Sep 2020,40000
2020,President,polls-plus,9/3/2020,Trump,Biden,"",0,.000525,,500,14:02:03  3 Sep 2020,40000
2020,President,polls-plus,9/3/2020,Trump,Biden,"",.000225,.000025,,50,14:02:03  3 Sep 2020,40000
2020,President,polls-plus,9/3/2020,Trump,Biden,"",.0001,0,,5,14:02:03  3 Sep 2020,40000
2020,President,polls-plus,9/3/2020,Trump,Biden,"",0,.00045,,499,14:02:03  3 Sep 2020,40000
2020,President,polls-plus,9/3/2020,Trump,Biden,"",0,.0007,,498,14:02:03  3 Sep 2020,40000
2020,President,polls-plus,9/3/2020,Trump,Biden,"",0,.000225,,497,14:02:03  3 Sep 2020,40000
2020,President,polls-plus,9/3/2020,Trump,Biden,"",0,.0004,,496,14:02:03  3 Sep 2020,40000
2020,President,polls-plus,9/3/2020,Trump,Biden,"",0,.000725,,495,14:02:03  3 Sep 2020,40000
2020,President,polls-plus,9/3/2020,Trump,Biden,"",0,.0003,,494,14:02:03  3 Sep 2020,40000
2020,President,polls-plus,9/3/2020,Trump,Biden,"",0,.0007,,493,14:02:03  3 Sep 2020,40000
2020,President,polls-plus,9/3/2020,Trump,Biden,"",0,.001,,492,14:02:03  3 Sep 2020,40000
2020,President,polls-plus,9/3/2020,Trump,Biden,"",0,.000325,,491,14:02:03  3 Sep 2020,40000
2020,President,polls-plus,9/3/2020,Trump,Biden,"",.000025,.0006,,490,14:02:03  3 Sep 2020,40000
2020,President,polls-plus,9/3/2020,Trump,Biden,"",.0009,.000025,,49,14:02:03  3 Sep 2020,40000
2020,President,polls-plus,9/3/2020,Trump,Biden,"",.000025,.0009,,489,14:02:03  3 Sep 2020,40000
2020,President,polls-plus,9/3/2020,Trump,Biden,"",.000025,.000225,,488,14:02:03  3 Sep 2020,40000
2020,President,polls-plus,9/3/2020,Trump,Biden,"",0,.00095,,487,14:02:03  3 Sep 2020,40000
2020,President,polls-plus,9/3/2020,Trump,Biden,"",0,.0008,,486,14:02:03  3 Sep 2020,40000
2020,President,polls-plus,9/3/2020,Trump,Biden,"",0,.0004,,485,14:02:03  3 Sep 2020,40000
2020,President,polls-plus,9/3/2020,Trump,Biden,"",0,.00085,,484,14:02:03  3 Sep 2020,40000
2020,President,polls-plus,9/3/2020,Trump,Biden,"",0,.000775,,483,14:02:03  3 Sep 2020,40000
2020,President,polls-plus,9/3/2020,Trump,Biden,"",0,.000725,,482,14:02:03  3 Sep 2020,40000
2020,President,polls-plus,9/3/2020,Trump,Biden,"",0,.00095,,481,14:02:03  3 Sep 2020,40000
2020,President,polls-plus,9/3/2020,Trump,Biden,"",.00005,.000525,,480,14:02:03  3 Sep 2020,40000
2020,President,polls-plus,9/3/2020,Trump,Biden,"",.0006,.000025,,48,14:02:03  3 Sep 2020,40000
2020,President,polls-plus,9/3/2020,Trump,Biden,"",0,.000775,,479,14:02:03  3 Sep 2020,40000
2020,President,polls-plus,9/3/2020,Trump,Biden,"",0,.000925,,478,14:02:03  3 Sep 2020,40000
2020,President,polls-plus,9/3/2020,Trump,Biden,"",.00005,.00055,,477,14:02:03  3 Sep 2020,40000
2020,President,polls-plus,9/3/2020,Trump,Biden,"",.000025,.001,,476,14:02:03  3 Sep 2020,40000
2020,President,polls-plus,9/3/2020,Trump,Biden,"",.000025,.00095,,475,14:02:03  3 Sep 2020,40000
2020,President,polls-plus,9/3/2020,Trump,Biden,"",0,.0005,,474,14:02:03  3 Sep 2020,40000
2020,President,polls-plus,9/3/2020,Trump,Biden,"",0,.0008,,473,14:02:03  3 Sep 2020,40000
2020,President,polls-plus,9/3/2020,Trump,Biden,"",.00005,.00095,,472,14:02:03  3 Sep 2020,40000
2020,President,polls-plus,9/3/2020,Trump,Biden,"",.000025,.000575,,471,14:02:03  3 Sep 2020,40000
2020,President,polls-plus,9/3/2020,Trump,Biden,"",0,.001,,470,14:02:03  3 Sep 2020,40000
2020,President,polls-plus,9/3/2020,Trump,Biden,"",.000325,0,,47,14:02:03  3 Sep 2020,40000
2020,President,polls-plus,9/3/2020,Trump,Biden,"",0,.00065,,469,14:02:03  3 Sep 2020,40000
2020,President,polls-plus,9/3/2020,Trump,Biden,"",0,.000825,,468,14:02:03  3 Sep 2020,40000
2020,President,polls-plus,9/3/2020,Trump,Biden,"",0,.001,,467,14:02:03  3 Sep 2020,40000
2020,President,polls-plus,9/3/2020,Trump,Biden,"",.000025,.001375,,466,14:02:03  3 Sep 2020,40000
2020,President,polls-plus,9/3/2020,Trump,Biden,"",.000025,.001025,,465,14:02:03  3 Sep 2020,40000
2020,President,polls-plus,9/3/2020,Trump,Biden,"",0,.001375,,464,14:02:03  3 Sep 2020,40000
2020,President,polls-plus,9/3/2020,Trump,Biden,"",.000025,.00085,,463,14:02:03  3 Sep 2020,40000
2020,President,polls-plus,9/3/2020,Trump,Biden,"",0,.0014,,462,14:02:03  3 Sep 2020,40000
2020,President,polls-plus,9/3/2020,Trump,Biden,"",0,.00115,,461,14:02:03  3 Sep 2020,40000
2020,President,polls-plus,9/3/2020,Trump,Biden,"",.00005,.000725,,460,14:02:03  3 Sep 2020,40000
2020,President,polls-plus,9/3/2020,Trump,Biden,"",.001,0,,46,14:02:03  3 Sep 2020,40000
2020,President,polls-plus,9/3/2020,Trump,Biden,"",.00005,.000625,,459,14:02:03  3 Sep 2020,40000
2020,President,polls-plus,9/3/2020,Trump,Biden,"",.00005,.001425,,458,14:02:03  3 Sep 2020,40000
2020,President,polls-plus,9/3/2020,Trump,Biden,"",0,.000875,,457,14:02:03  3 Sep 2020,40000
2020,President,polls-plus,9/3/2020,Trump,Biden,"",.000025,.00165,,456,14:02:03  3 Sep 2020,40000
2020,President,polls-plus,9/3/2020,Trump,Biden,"",0,.0018,,455,14:02:03  3 Sep 2020,40000
2020,President,polls-plus,9/3/2020,Trump,Biden,"",0,.000825,,454,14:02:03  3 Sep 2020,40000
2020,President,polls-plus,9/3/2020,Trump,Biden,"",0,.0015,,453,14:02:03  3 Sep 2020,40000
2020,President,polls-plus,9/3/2020,Trump,Biden,"",0,.00105,,452,14:02:03  3 Sep 2020,40000
2020,President,polls-plus,9/3/2020,Trump,Biden,"",.000075,.001275,,451,14:02:03  3 Sep 2020,40000
2020,President,polls-plus,9/3/2020,Trump,Biden,"",0,.001825,,450,14:02:03  3 Sep 2020,40000
2020,President,polls-plus,9/3/2020,Trump,Biden,"",.0007,0,,45,14:02:03  3 Sep 2020,40000
2020,President,polls-plus,9/3/2020,Trump,Biden,"",0,.001175,,449,14:02:03  3 Sep 2020,40000
2020,President,polls-plus,9/3/2020,Trump,Biden,"",0,.00095,,448,14:02:03  3 Sep 2020,40000
2020,President,polls-plus,9/3/2020,Trump,Biden,"",.000025,.001575,,447,14:02:03  3 Sep 2020,40000
2020,President,polls-plus,9/3/2020,Trump,Biden,"",.00005,.00165,,446,14:02:03  3 Sep 2020,40000
2020,President,polls-plus,9/3/2020,Trump,Biden,"",0,.002,,445,14:02:03  3 Sep 2020,40000
2020,President,polls-plus,9/3/2020,Trump,Biden,"",.000025,.00235,,444,14:02:03  3 Sep 2020,40000
2020,President,polls-plus,9/3/2020,Trump,Biden,"",.000025,.00105,,443,14:02:03  3 Sep 2020,40000
2020,President,polls-plus,9/3/2020,Trump,Biden,"",0,.0018,,442,14:02:03  3 Sep 2020,40000
2020,President,polls-plus,9/3/2020,Trump,Biden,"",.000025,.002425,,441,14:02:03  3 Sep 2020,40000
2020,President,polls-plus,9/3/2020,Trump,Biden,"",.00005,.0016,,440,14:02:03  3 Sep 2020,40000
2020,President,polls-plus,9/3/2020,Trump,Biden,"",.0003,0,,44,14:02:03  3 Sep 2020,40000
2020,President,polls-plus,9/3/2020,Trump,Biden,"",.000025,.0019,,439,14:02:03  3 Sep 2020,40000
2020,President,polls-plus,9/3/2020,Trump,Biden,"",.000025,.002975,,438,14:02:03  3 Sep 2020,40000
2020,President,polls-plus,9/3/2020,Trump,Biden,"",.000125,.001375,,437,14:02:03  3 Sep 2020,40000
2020,President,polls-plus,9/3/2020,Trump,Biden,"",0,.00245,,436,14:02:03  3 Sep 2020,40000
2020,President,polls-plus,9/3/2020,Trump,Biden,"",.000025,.004375,,435,14:02:03  3 Sep 2020,40000
2020,President,polls-plus,9/3/2020,Trump,Biden,"",.00005,.001625,,434,14:02:03  3 Sep 2020,40000
2020,President,polls-plus,9/3/2020,Trump,Biden,"",.00005,.00115,,433,14:02:03  3 Sep 2020,40000
2020,President,polls-plus,9/3/2020,Trump,Biden,"",.0001,.002625,,432,14:02:03  3 Sep 2020,40000
2020,President,polls-plus,9/3/2020,Trump,Biden,"",.00005,.002925,,431,14:02:03  3 Sep 2020,40000
2020,President,polls-plus,9/3/2020,Trump,Biden,"",.000125,.001525,,430,14:02:03  3 Sep 2020,40000
2020,President,polls-plus,9/3/2020,Trump,Biden,"",.000725,0,,43,14:02:03  3 Sep 2020,40000
2020,President,polls-plus,9/3/2020,Trump,Biden,"",0,.00295,,429,14:02:03  3 Sep 2020,40000
2020,President,polls-plus,9/3/2020,Trump,Biden,"",.000025,.0033,,428,14:02:03  3 Sep 2020,40000
2020,President,polls-plus,9/3/2020,Trump,Biden,"",.000075,.002575,,427,14:02:03  3 Sep 2020,40000
2020,President,polls-plus,9/3/2020,Trump,Biden,"",.00005,.00315,,426,14:02:03  3 Sep 2020,40000
2020,President,polls-plus,9/3/2020,Trump,Biden,"",.00005,.005375,,425,14:02:03  3 Sep 2020,40000
2020,President,polls-plus,9/3/2020,Trump,Biden,"",.00005,.00185,,424,14:02:03  3 Sep 2020,40000
2020,President,polls-plus,9/3/2020,Trump,Biden,"",.000175,.002175,,423,14:02:03  3 Sep 2020,40000
2020,President,polls-plus,9/3/2020,Trump,Biden,"",0,.0062,,422,14:02:03  3 Sep 2020,40000
2020,President,polls-plus,9/3/2020,Trump,Biden,"",.00005,.003125,,421,14:02:03  3 Sep 2020,40000
2020,President,polls-plus,9/3/2020,Trump,Biden,"",.000275,.001475,,420,14:02:03  3 Sep 2020,40000
2020,President,polls-plus,9/3/2020,Trump,Biden,"",.0004,0,,42,14:02:03  3 Sep 2020,40000
2020,President,polls-plus,9/3/2020,Trump,Biden,"",.000075,.0054,,419,14:02:03  3 Sep 2020,40000
2020,President,polls-plus,9/3/2020,Trump,Biden,"",.000025,.00185,,418,14:02:03  3 Sep 2020,40000
2020,President,polls-plus,9/3/2020,Trump,Biden,"",.000025,.0015,,417,14:02:03  3 Sep 2020,40000
2020,President,polls-plus,9/3/2020,Trump,Biden,"",.0001,.011025,,416,14:02:03  3 Sep 2020,40000
2020,President,polls-plus,9/3/2020,Trump,Biden,"",.00005,.004175,,415,14:02:03  3 Sep 2020,40000
2020,President,polls-plus,9/3/2020,Trump,Biden,"",.000025,.001325,,414,14:02:03  3 Sep 2020,40000
2020,President,polls-plus,9/3/2020,Trump,Biden,"",.0001,.016225,,413,14:02:03  3 Sep 2020,40000
2020,President,polls-plus,9/3/2020,Trump,Biden,"",.000075,.010475,,412,14:02:03  3 Sep 2020,40000
2020,President,polls-plus,9/3/2020,Trump,Biden,"",.000225,.001025,,411,14:02:03  3 Sep 2020,40000
2020,President,polls-plus,9/3/2020,Trump,Biden,"",.00005,.002225,,410,14:02:03  3 Sep 2020,40000
2020,President,polls-plus,9/3/2020,Trump,Biden,"",.000225,0,,41,14:02:03  3 Sep 2020,40000
2020,President,polls-plus,9/3/2020,Trump,Biden,"",.00005,.002075,,409,14:02:03  3 Sep 2020,40000
2020,President,polls-plus,9/3/2020,Trump,Biden,"",.000375,.0012,,408,14:02:03  3 Sep 2020,40000
2020,President,polls-plus,9/3/2020,Trump,Biden,"",.000175,.002775,,407,14:02:03  3 Sep 2020,40000
2020,President,polls-plus,9/3/2020,Trump,Biden,"",.000025,.00605,,406,14:02:03  3 Sep 2020,40000
2020,President,polls-plus,9/3/2020,Trump,Biden,"",.0001,.001075,,405,14:02:03  3 Sep 2020,40000
2020,President,polls-plus,9/3/2020,Trump,Biden,"",.00025,.001275,,404,14:02:03  3 Sep 2020,40000
2020,President,polls-plus,9/3/2020,Trump,Biden,"",.000125,.002075,,403,14:02:03  3 Sep 2020,40000
2020,President,polls-plus,9/3/2020,Trump,Biden,"",0,.0013,,402,14:02:03  3 Sep 2020,40000
2020,President,polls-plus,9/3/2020,Trump,Biden,"",.000125,.001,,401,14:02:03  3 Sep 2020,40000
2020,President,polls-plus,9/3/2020,Trump,Biden,"",.000325,.004225,,400,14:02:03  3 Sep 2020,40000
2020,President,polls-plus,9/3/2020,Trump,Biden,"",.0007,0,,40,14:02:03  3 Sep 2020,40000
2020,President,polls-plus,9/3/2020,Trump,Biden,"",.0004,0,,4,14:02:03  3 Sep 2020,40000
2020,President,polls-plus,9/3/2020,Trump,Biden,"",.0003,.00145,,399,14:02:03  3 Sep 2020,40000
2020,President,polls-plus,9/3/2020,Trump,Biden,"",.00005,.001,,398,14:02:03  3 Sep 2020,40000
2020,President,polls-plus,9/3/2020,Trump,Biden,"",.000125,.006875,,397,14:02:03  3 Sep 2020,40000
2020,President,polls-plus,9/3/2020,Trump,Biden,"",.00025,.003425,,396,14:02:03  3 Sep 2020,40000
2020,President,polls-plus,9/3/2020,Trump,Biden,"",.0001,.00145,,395,14:02:03  3 Sep 2020,40000
2020,President,polls-plus,9/3/2020,Trump,Biden,"",.0002,.0034,,394,14:02:03  3 Sep 2020,40000
2020,President,polls-plus,9/3/2020,Trump,Biden,"",.000175,.00145,,393,14:02:03  3 Sep 2020,40000
2020,President,polls-plus,9/3/2020,Trump,Biden,"",.00025,.000825,,392,14:02:03  3 Sep 2020,40000
2020,President,polls-plus,9/3/2020,Trump,Biden,"",.0003,.003475,,391,14:02:03  3 Sep 2020,40000
2020,President,polls-plus,9/3/2020,Trump,Biden,"",.00015,.003525,,390,14:02:03  3 Sep 2020,40000
2020,President,polls-plus,9/3/2020,Trump,Biden,"",.00045,0,,39,14:02:03  3 Sep 2020,40000
2020,President,polls-plus,9/3/2020,Trump,Biden,"",.000325,.0015,,389,14:02:03  3 Sep 2020,40000
2020,President,polls-plus,9/3/2020,Trump,Biden,"",.001075,.004425,,388,14:02:03  3 Sep 2020,40000
2020,President,polls-plus,9/3/2020,Trump,Biden,"",.0005,.001725,,387,14:02:03  3 Sep 2020,40000
2020,President,polls-plus,9/3/2020,Trump,Biden,"",.000075,.001575,,386,14:02:03  3 Sep 2020,40000
2020,President,polls-plus,9/3/2020,Trump,Biden,"",.00005,.00125,,385,14:02:03  3 Sep 2020,40000
2020,President,polls-plus,9/3/2020,Trump,Biden,"",.0008,.0021,,384,14:02:03  3 Sep 2020,40000
2020,President,polls-plus,9/3/2020,Trump,Biden,"",.000525,.001425,,383,14:02:03  3 Sep 2020,40000
2020,President,polls-plus,9/3/2020,Trump,Biden,"",.000375,.00175,,382,14:02:03  3 Sep 2020,40000
2020,President,polls-plus,9/3/2020,Trump,Biden,"",.000575,.00355,,381,14:02:03  3 Sep 2020,40000
2020,President,polls-plus,9/3/2020,Trump,Biden,"",.00035,.0015,,380,14:02:03  3 Sep 2020,40000
2020,President,polls-plus,9/3/2020,Trump,Biden,"",.000525,0,,38,14:02:03  3 Sep 2020,40000
2020,President,polls-plus,9/3/2020,Trump,Biden,"",.000525,.001675,,379,14:02:03  3 Sep 2020,40000
2020,President,polls-plus,9/3/2020,Trump,Biden,"",.00045,.00525,,378,14:02:03  3 Sep 2020,40000
2020,President,polls-plus,9/3/2020,Trump,Biden,"",.000775,.002125,,377,14:02:03  3 Sep 2020,40000
2020,President,polls-plus,9/3/2020,Trump,Biden,"",.001025,.001525,,376,14:02:03  3 Sep 2020,40000
2020,President,polls-plus,9/3/2020,Trump,Biden,"",.000525,.01105,,375,14:02:03  3 Sep 2020,40000
2020,President,polls-plus,9/3/2020,Trump,Biden,"",.0008,.00665,,374,14:02:03  3 Sep 2020,40000
2020,President,polls-plus,9/3/2020,Trump,Biden,"",.00035,.0017,,373,14:02:03  3 Sep 2020,40000
2020,President,polls-plus,9/3/2020,Trump,Biden,"",.00035,.00445,,372,14:02:03  3 Sep 2020,40000
2020,President,polls-plus,9/3/2020,Trump,Biden,"",.0006,.002375,,371,14:02:03  3 Sep 2020,40000
2020,President,polls-plus,9/3/2020,Trump,Biden,"",.001125,.001125,,370,14:02:03  3 Sep 2020,40000
2020,President,polls-plus,9/3/2020,Trump,Biden,"",.0005,0,,37,14:02:03  3 Sep 2020,40000
2020,President,polls-plus,9/3/2020,Trump,Biden,"",.0007,.004,,369,14:02:03  3 Sep 2020,40000
2020,President,polls-plus,9/3/2020,Trump,Biden,"",.0002,.006825,,368,14:02:03  3 Sep 2020,40000
2020,President,polls-plus,9/3/2020,Trump,Biden,"",.0009,.001925,,367,14:02:03  3 Sep 2020,40000
2020,President,polls-plus,9/3/2020,Trump,Biden,"",.0011,.0012,,366,14:02:03  3 Sep 2020,40000
2020,President,polls-plus,9/3/2020,Trump,Biden,"",.0004,.0029,,365,14:02:03  3 Sep 2020,40000
2020,President,polls-plus,9/3/2020,Trump,Biden,"",.000775,.002025,,364,14:02:03  3 Sep 2020,40000
2020,President,polls-plus,9/3/2020,Trump,Biden,"",.004475,.002,,363,14:02:03  3 Sep 2020,40000
2020,President,polls-plus,9/3/2020,Trump,Biden,"",.004425,.005775,,362,14:02:03  3 Sep 2020,40000
2020,President,polls-plus,9/3/2020,Trump,Biden,"",.000475,.00275,,361,14:02:03  3 Sep 2020,40000
2020,President,polls-plus,9/3/2020,Trump,Biden,"",.000425,.0018,,360,14:02:03  3 Sep 2020,40000
2020,President,polls-plus,9/3/2020,Trump,Biden,"",.00015,.000025,,36,14:02:03  3 Sep 2020,40000
2020,President,polls-plus,9/3/2020,Trump,Biden,"",.000525,.01195,,359,14:02:03  3 Sep 2020,40000
2020,President,polls-plus,9/3/2020,Trump,Biden,"",.00125,.0059,,358,14:02:03  3 Sep 2020,40000
2020,President,polls-plus,9/3/2020,Trump,Biden,"",.002075,.00315,,357,14:02:03  3 Sep 2020,40000
2020,President,polls-plus,9/3/2020,Trump,Biden,"",.001775,.003825,,356,14:02:03  3 Sep 2020,40000
2020,President,polls-plus,9/3/2020,Trump,Biden,"",.00385,.0019,,355,14:02:03  3 Sep 2020,40000
2020,President,polls-plus,9/3/2020,Trump,Biden,"",.000775,.00145,,354,14:02:03  3 Sep 2020,40000
2020,President,polls-plus,9/3/2020,Trump,Biden,"",.0013,.00935,,353,14:02:03  3 Sep 2020,40000
2020,President,polls-plus,9/3/2020,Trump,Biden,"",.000775,.01115,,352,14:02:03  3 Sep 2020,40000
2020,President,polls-plus,9/3/2020,Trump,Biden,"",.001525,.003075,,351,14:02:03  3 Sep 2020,40000
2020,President,polls-plus,9/3/2020,Trump,Biden,"",.005475,.0083,,350,14:02:03  3 Sep 2020,40000
2020,President,polls-plus,9/3/2020,Trump,Biden,"",.000575,0,,35,14:02:03  3 Sep 2020,40000
2020,President,polls-plus,9/3/2020,Trump,Biden,"",.004775,.002375,,349,14:02:03  3 Sep 2020,40000
2020,President,polls-plus,9/3/2020,Trump,Biden,"",.001475,.002975,,348,14:02:03  3 Sep 2020,40000
2020,President,polls-plus,9/3/2020,Trump,Biden,"",.000975,.0026,,347,14:02:03  3 Sep 2020,40000
2020,President,polls-plus,9/3/2020,Trump,Biden,"",.001075,.00175,,346,14:02:03  3 Sep 2020,40000
2020,President,polls-plus,9/3/2020,Trump,Biden,"",.001625,.00155,,345,14:02:03  3 Sep 2020,40000
2020,President,polls-plus,9/3/2020,Trump,Biden,"",.00435,.004,,344,14:02:03  3 Sep 2020,40000
2020,President,polls-plus,9/3/2020,Trump,Biden,"",.0014,.003275,,343,14:02:03  3 Sep 2020,40000
2020,President,polls-plus,9/3/2020,Trump,Biden,"",.0055,.003575,,342,14:02:03  3 Sep 2020,40000
2020,President,polls-plus,9/3/2020,Trump,Biden,"",.002525,.005275,,341,14:02:03  3 Sep 2020,40000
2020,President,polls-plus,9/3/2020,Trump,Biden,"",.002225,.00385,,340,14:02:03  3 Sep 2020,40000
2020,President,polls-plus,9/3/2020,Trump,Biden,"",.0005,0,,34,14:02:03  3 Sep 2020,40000
2020,President,polls-plus,9/3/2020,Trump,Biden,"",.00175,.002375,,339,14:02:03  3 Sep 2020,40000
2020,President,polls-plus,9/3/2020,Trump,Biden,"",.002225,.003075,,338,14:02:03  3 Sep 2020,40000
2020,President,polls-plus,9/3/2020,Trump,Biden,"",.0094,.006,,337,14:02:03  3 Sep 2020,40000
2020,President,polls-plus,9/3/2020,Trump,Biden,"",.0018,.002325,,336,14:02:03  3 Sep 2020,40000
2020,President,polls-plus,9/3/2020,Trump,Biden,"",.003825,.007025,,335,14:02:03  3 Sep 2020,40000
2020,President,polls-plus,9/3/2020,Trump,Biden,"",.00155,.020625,,334,14:02:03  3 Sep 2020,40000
2020,President,polls-plus,9/3/2020,Trump,Biden,"",.002775,.007825,,333,14:02:03  3 Sep 2020,40000
2020,President,polls-plus,9/3/2020,Trump,Biden,"",.001225,.001625,,332,14:02:03  3 Sep 2020,40000
2020,President,polls-plus,9/3/2020,Trump,Biden,"",.003025,.001325,,331,14:02:03  3 Sep 2020,40000
2020,President,polls-plus,9/3/2020,Trump,Biden,"",.000825,.0025,,330,14:02:03  3 Sep 2020,40000
2020,President,polls-plus,9/3/2020,Trump,Biden,"",.000425,0,,33,14:02:03  3 Sep 2020,40000
2020,President,polls-plus,9/3/2020,Trump,Biden,"",.002125,.0029,,329,14:02:03  3 Sep 2020,40000
2020,President,polls-plus,9/3/2020,Trump,Biden,"",.008975,.00215,,328,14:02:03  3 Sep 2020,40000
2020,President,polls-plus,9/3/2020,Trump,Biden,"",.002275,.002275,,327,14:02:03  3 Sep 2020,40000
2020,President,polls-plus,9/3/2020,Trump,Biden,"",.0053,.00285,,326,14:02:03  3 Sep 2020,40000
2020,President,polls-plus,9/3/2020,Trump,Biden,"",.00145,.003125,,325,14:02:03  3 Sep 2020,40000
2020,President,polls-plus,9/3/2020,Trump,Biden,"",.001275,.003575,,324,14:02:03  3 Sep 2020,40000
2020,President,polls-plus,9/3/2020,Trump,Biden,"",.001575,.007525,,323,14:02:03  3 Sep 2020,40000
2020,President,polls-plus,9/3/2020,Trump,Biden,"",.006475,.0048,,322,14:02:03  3 Sep 2020,40000
2020,President,polls-plus,9/3/2020,Trump,Biden,"",.002575,.001825,,321,14:02:03  3 Sep 2020,40000
2020,President,polls-plus,9/3/2020,Trump,Biden,"",.0025,.00355,,320,14:02:03  3 Sep 2020,40000
2020,President,polls-plus,9/3/2020,Trump,Biden,"",.000475,.000025,,32,14:02:03  3 Sep 2020,40000
2020,President,polls-plus,9/3/2020,Trump,Biden,"",.002025,.019,,319,14:02:03  3 Sep 2020,40000
2020,President,polls-plus,9/3/2020,Trump,Biden,"",.002525,.009225,,318,14:02:03  3 Sep 2020,40000
2020,President,polls-plus,9/3/2020,Trump,Biden,"",.00195,.002375,,317,14:02:03  3 Sep 2020,40000
2020,President,polls-plus,9/3/2020,Trump,Biden,"",.00285,.0025,,316,14:02:03  3 Sep 2020,40000
2020,President,polls-plus,9/3/2020,Trump,Biden,"",.00305,.003225,,315,14:02:03  3 Sep 2020,40000
2020,President,polls-plus,9/3/2020,Trump,Biden,"",.001525,.003675,,314,14:02:03  3 Sep 2020,40000
2020,President,polls-plus,9/3/2020,Trump,Biden,"",.001725,.004675,,313,14:02:03  3 Sep 2020,40000
2020,President,polls-plus,9/3/2020,Trump,Biden,"",.006225,.003575,,312,14:02:03  3 Sep 2020,40000
2020,President,polls-plus,9/3/2020,Trump,Biden,"",.0035,.0017,,311,14:02:03  3 Sep 2020,40000
2020,President,polls-plus,9/3/2020,Trump,Biden,"",.004275,.00125,,310,14:02:03  3 Sep 2020,40000
2020,President,polls-plus,9/3/2020,Trump,Biden,"",.00045,0,,31,14:02:03  3 Sep 2020,40000
2020,President,polls-plus,9/3/2020,Trump,Biden,"",.0021,.003325,,309,14:02:03  3 Sep 2020,40000
2020,President,polls-plus,9/3/2020,Trump,Biden,"",.001525,.00825,,308,14:02:03  3 Sep 2020,40000
2020,President,polls-plus,9/3/2020,Trump,Biden,"",.001375,.004475,,307,14:02:03  3 Sep 2020,40000
2020,President,polls-plus,9/3/2020,Trump,Biden,"",.0058,.00235,,306,14:02:03  3 Sep 2020,40000
2020,President,polls-plus,9/3/2020,Trump,Biden,"",.00275,.003975,,305,14:02:03  3 Sep 2020,40000
2020,President,polls-plus,9/3/2020,Trump,Biden,"",.003375,.0034,,304,14:02:03  3 Sep 2020,40000
2020,President,polls-plus,9/3/2020,Trump,Biden,"",.00145,.002325,,303,14:02:03  3 Sep 2020,40000
2020,President,polls-plus,9/3/2020,Trump,Biden,"",.00345,.002525,,302,14:02:03  3 Sep 2020,40000
2020,President,polls-plus,9/3/2020,Trump,Biden,"",.002875,.001875,,301,14:02:03  3 Sep 2020,40000
2020,President,polls-plus,9/3/2020,Trump,Biden,"",.004175,.0015,,300,14:02:03  3 Sep 2020,40000
2020,President,polls-plus,9/3/2020,Trump,Biden,"",.0001,.000025,,30,14:02:03  3 Sep 2020,40000
2020,President,polls-plus,9/3/2020,Trump,Biden,"",.00005,.000125,,3,14:02:03  3 Sep 2020,40000
2020,President,polls-plus,9/3/2020,Trump,Biden,"",.002925,.0033,,299,14:02:03  3 Sep 2020,40000
2020,President,polls-plus,9/3/2020,Trump,Biden,"",.001275,.004625,,298,14:02:03  3 Sep 2020,40000
2020,President,polls-plus,9/3/2020,Trump,Biden,"",.0012,.00355,,297,14:02:03  3 Sep 2020,40000
2020,President,polls-plus,9/3/2020,Trump,Biden,"",.006275,.00185,,296,14:02:03  3 Sep 2020,40000
2020,President,polls-plus,9/3/2020,Trump,Biden,"",.005025,.00375,,295,14:02:03  3 Sep 2020,40000
2020,President,polls-plus,9/3/2020,Trump,Biden,"",.00355,.0063,,294,14:02:03  3 Sep 2020,40000
2020,President,polls-plus,9/3/2020,Trump,Biden,"",.002275,.0046,,293,14:02:03  3 Sep 2020,40000
2020,President,polls-plus,9/3/2020,Trump,Biden,"",.001775,.002875,,292,14:02:03  3 Sep 2020,40000
2020,President,polls-plus,9/3/2020,Trump,Biden,"",.002075,.0031,,291,14:02:03  3 Sep 2020,40000
2020,President,polls-plus,9/3/2020,Trump,Biden,"",.004975,.008425,,290,14:02:03  3 Sep 2020,40000
2020,President,polls-plus,9/3/2020,Trump,Biden,"",.000675,0,,29,14:02:03  3 Sep 2020,40000
2020,President,polls-plus,9/3/2020,Trump,Biden,"",.003225,.00605,,289,14:02:03  3 Sep 2020,40000
2020,President,polls-plus,9/3/2020,Trump,Biden,"",.00115,.0036,,288,14:02:03  3 Sep 2020,40000
2020,President,polls-plus,9/3/2020,Trump,Biden,"",.00115,.002875,,287,14:02:03  3 Sep 2020,40000
2020,President,polls-plus,9/3/2020,Trump,Biden,"",.0049,.00215,,286,14:02:03  3 Sep 2020,40000
2020,President,polls-plus,9/3/2020,Trump,Biden,"",.00535,.002875,,285,14:02:03  3 Sep 2020,40000
2020,President,polls-plus,9/3/2020,Trump,Biden,"",.00335,.002775,,284,14:02:03  3 Sep 2020,40000
2020,President,polls-plus,9/3/2020,Trump,Biden,"",.002675,.002925,,283,14:02:03  3 Sep 2020,40000
2020,President,polls-plus,9/3/2020,Trump,Biden,"",.002425,.0035,,282,14:02:03  3 Sep 2020,40000
2020,President,polls-plus,9/3/2020,Trump,Biden,"",.001875,.0017,,281,14:02:03  3 Sep 2020,40000
2020,President,polls-plus,9/3/2020,Trump,Biden,"",.006775,.003625,,280,14:02:03  3 Sep 2020,40000
2020,President,polls-plus,9/3/2020,Trump,Biden,"",.000175,0,,28,14:02:03  3 Sep 2020,40000
2020,President,polls-plus,9/3/2020,Trump,Biden,"",.005225,.012075,,279,14:02:03  3 Sep 2020,40000
2020,President,polls-plus,9/3/2020,Trump,Biden,"",.001575,.008925,,278,14:02:03  3 Sep 2020,40000
2020,President,polls-plus,9/3/2020,Trump,Biden,"",.001425,.002275,,277,14:02:03  3 Sep 2020,40000
2020,President,polls-plus,9/3/2020,Trump,Biden,"",.003,.0013,,276,14:02:03  3 Sep 2020,40000
2020,President,polls-plus,9/3/2020,Trump,Biden,"",.0034,.00245,,275,14:02:03  3 Sep 2020,40000
2020,President,polls-plus,9/3/2020,Trump,Biden,"",.002475,.003675,,274,14:02:03  3 Sep 2020,40000
2020,President,polls-plus,9/3/2020,Trump,Biden,"",.0026,.00505,,273,14:02:03  3 Sep 2020,40000
2020,President,polls-plus,9/3/2020,Trump,Biden,"",.001875,.0045,,272,14:02:03  3 Sep 2020,40000
2020,President,polls-plus,9/3/2020,Trump,Biden,"",.00205,.00165,,271,14:02:03  3 Sep 2020,40000
2020,President,polls-plus,9/3/2020,Trump,Biden,"",.0045,.0026,,270,14:02:03  3 Sep 2020,40000
2020,President,polls-plus,9/3/2020,Trump,Biden,"",.00015,0,,27,14:02:03  3 Sep 2020,40000
2020,President,polls-plus,9/3/2020,Trump,Biden,"",.004125,.004125,,269,14:02:03  3 Sep 2020,40000
2020,President,polls-plus,9/3/2020,Trump,Biden,"",.0026,.0045,,268,14:02:03  3 Sep 2020,40000
2020,President,polls-plus,9/3/2020,Trump,Biden,"",.00165,.00205,,267,14:02:03  3 Sep 2020,40000
2020,President,polls-plus,9/3/2020,Trump,Biden,"",.0045,.001875,,266,14:02:03  3 Sep 2020,40000
2020,President,polls-plus,9/3/2020,Trump,Biden,"",.00505,.0026,,265,14:02:03  3 Sep 2020,40000
2020,President,polls-plus,9/3/2020,Trump,Biden,"",.003675,.002475,,264,14:02:03  3 Sep 2020,40000
2020,President,polls-plus,9/3/2020,Trump,Biden,"",.00245,.0034,,263,14:02:03  3 Sep 2020,40000
2020,President,polls-plus,9/3/2020,Trump,Biden,"",.0013,.003,,262,14:02:03  3 Sep 2020,40000
2020,President,polls-plus,9/3/2020,Trump,Biden,"",.002275,.001425,,261,14:02:03  3 Sep 2020,40000
2020,President,polls-plus,9/3/2020,Trump,Biden,"",.008925,.001575,,260,14:02:03  3 Sep 2020,40000
2020,President,polls-plus,9/3/2020,Trump,Biden,"",.00035,.000025,,26,14:02:03  3 Sep 2020,40000
2020,President,polls-plus,9/3/2020,Trump,Biden,"",.012075,.005225,,259,14:02:03  3 Sep 2020,40000
2020,President,polls-plus,9/3/2020,Trump,Biden,"",.003625,.006775,,258,14:02:03  3 Sep 2020,40000
2020,President,polls-plus,9/3/2020,Trump,Biden,"",.0017,.001875,,257,14:02:03  3 Sep 2020,40000
2020,President,polls-plus,9/3/2020,Trump,Biden,"",.0035,.002425,,256,14:02:03  3 Sep 2020,40000
2020,President,polls-plus,9/3/2020,Trump,Biden,"",.002925,.002675,,255,14:02:03  3 Sep 2020,40000
2020,President,polls-plus,9/3/2020,Trump,Biden,"",.002775,.00335,,254,14:02:03  3 Sep 2020,40000
2020,President,polls-plus,9/3/2020,Trump,Biden,"",.002875,.00535,,253,14:02:03  3 Sep 2020,40000
2020,President,polls-plus,9/3/2020,Trump,Biden,"",.00215,.0049,,252,14:02:03  3 Sep 2020,40000
2020,President,polls-plus,9/3/2020,Trump,Biden,"",.002875,.00115,,251,14:02:03  3 Sep 2020,40000
2020,President,polls-plus,9/3/2020,Trump,Biden,"",.0036,.00115,,250,14:02:03  3 Sep 2020,40000
2020,President,polls-plus,9/3/2020,Trump,Biden,"",.000425,0,,25,14:02:03  3 Sep 2020,40000
2020,President,polls-plus,9/3/2020,Trump,Biden,"",.00605,.003225,,249,14:02:03  3 Sep 2020,40000
2020,President,polls-plus,9/3/2020,Trump,Biden,"",.008425,.004975,,248,14:02:03  3 Sep 2020,40000
2020,President,polls-plus,9/3/2020,Trump,Biden,"",.0031,.002075,,247,14:02:03  3 Sep 2020,40000
2020,President,polls-plus,9/3/2020,Trump,Biden,"",.002875,.001775,,246,14:02:03  3 Sep 2020,40000
2020,President,polls-plus,9/3/2020,Trump,Biden,"",.0046,.002275,,245,14:02:03  3 Sep 2020,40000
2020,President,polls-plus,9/3/2020,Trump,Biden,"",.0063,.00355,,244,14:02:03  3 Sep 2020,40000
2020,President,polls-plus,9/3/2020,Trump,Biden,"",.00375,.005025,,243,14:02:03  3 Sep 2020,40000
2020,President,polls-plus,9/3/2020,Trump,Biden,"",.00185,.006275,,242,14:02:03  3 Sep 2020,40000
2020,President,polls-plus,9/3/2020,Trump,Biden,"",.00355,.0012,,241,14:02:03  3 Sep 2020,40000
2020,President,polls-plus,9/3/2020,Trump,Biden,"",.004625,.001275,,240,14:02:03  3 Sep 2020,40000
2020,President,polls-plus,9/3/2020,Trump,Biden,"",.0001,0,,24,14:02:03  3 Sep 2020,40000
2020,President,polls-plus,9/3/2020,Trump,Biden,"",.0033,.002925,,239,14:02:03  3 Sep 2020,40000
2020,President,polls-plus,9/3/2020,Trump,Biden,"",.0015,.004175,,238,14:02:03  3 Sep 2020,40000
2020,President,polls-plus,9/3/2020,Trump,Biden,"",.001875,.002875,,237,14:02:03  3 Sep 2020,40000
2020,President,polls-plus,9/3/2020,Trump,Biden,"",.002525,.00345,,236,14:02:03  3 Sep 2020,40000
2020,President,polls-plus,9/3/2020,Trump,Biden,"",.002325,.00145,,235,14:02:03  3 Sep 2020,40000
2020,President,polls-plus,9/3/2020,Trump,Biden,"",.0034,.003375,,234,14:02:03  3 Sep 2020,40000
2020,President,polls-plus,9/3/2020,Trump,Biden,"",.003975,.00275,,233,14:02:03  3 Sep 2020,40000
2020,President,polls-plus,9/3/2020,Trump,Biden,"",.00235,.0058,,232,14:02:03  3 Sep 2020,40000
2020,President,polls-plus,9/3/2020,Trump,Biden,"",.004475,.001375,,231,14:02:03  3 Sep 2020,40000
2020,President,polls-plus,9/3/2020,Trump,Biden,"",.00825,.001525,,230,14:02:03  3 Sep 2020,40000
2020,President,polls-plus,9/3/2020,Trump,Biden,"",.0004,.00005,,23,14:02:03  3 Sep 2020,40000
2020,President,polls-plus,9/3/2020,Trump,Biden,"",.003325,.0021,,229,14:02:03  3 Sep 2020,40000
2020,President,polls-plus,9/3/2020,Trump,Biden,"",.00125,.004275,,228,14:02:03  3 Sep 2020,40000
2020,President,polls-plus,9/3/2020,Trump,Biden,"",.0017,.0035,,227,14:02:03  3 Sep 2020,40000
2020,President,polls-plus,9/3/2020,Trump,Biden,"",.003575,.006225,,226,14:02:03  3 Sep 2020,40000
2020,President,polls-plus,9/3/2020,Trump,Biden,"",.004675,.001725,,225,14:02:03  3 Sep 2020,40000
2020,President,polls-plus,9/3/2020,Trump,Biden,"",.003675,.001525,,224,14:02:03  3 Sep 2020,40000
2020,President,polls-plus,9/3/2020,Trump,Biden,"",.003225,.00305,,223,14:02:03  3 Sep 2020,40000
2020,President,polls-plus,9/3/2020,Trump,Biden,"",.0025,.00285,,222,14:02:03  3 Sep 2020,40000
2020,President,polls-plus,9/3/2020,Trump,Biden,"",.002375,.00195,,221,14:02:03  3 Sep 2020,40000
2020,President,polls-plus,9/3/2020,Trump,Biden,"",.009225,.002525,,220,14:02:03  3 Sep 2020,40000
2020,President,polls-plus,9/3/2020,Trump,Biden,"",.000225,0,,22,14:02:03  3 Sep 2020,40000
2020,President,polls-plus,9/3/2020,Trump,Biden,"",.019,.002025,,219,14:02:03  3 Sep 2020,40000
2020,President,polls-plus,9/3/2020,Trump,Biden,"",.00355,.0025,,218,14:02:03  3 Sep 2020,40000
2020,President,polls-plus,9/3/2020,Trump,Biden,"",.001825,.002575,,217,14:02:03  3 Sep 2020,40000
2020,President,polls-plus,9/3/2020,Trump,Biden,"",.0048,.006475,,216,14:02:03  3 Sep 2020,40000
2020,President,polls-plus,9/3/2020,Trump,Biden,"",.007525,.001575,,215,14:02:03  3 Sep 2020,40000
2020,President,polls-plus,9/3/2020,Trump,Biden,"",.003575,.001275,,214,14:02:03  3 Sep 2020,40000
2020,President,polls-plus,9/3/2020,Trump,Biden,"",.003125,.00145,,213,14:02:03  3 Sep 2020,40000
2020,President,polls-plus,9/3/2020,Trump,Biden,"",.00285,.0053,,212,14:02:03  3 Sep 2020,40000
2020,President,polls-plus,9/3/2020,Trump,Biden,"",.002275,.002275,,211,14:02:03  3 Sep 2020,40000
2020,President,polls-plus,9/3/2020,Trump,Biden,"",.00215,.008975,,210,14:02:03  3 Sep 2020,40000
2020,President,polls-plus,9/3/2020,Trump,Biden,"",.0001,0,,21,14:02:03  3 Sep 2020,40000
2020,President,polls-plus,9/3/2020,Trump,Biden,"",.0029,.002125,,209,14:02:03  3 Sep 2020,40000
2020,President,polls-plus,9/3/2020,Trump,Biden,"",.0025,.000825,,208,14:02:03  3 Sep 2020,40000
2020,President,polls-plus,9/3/2020,Trump,Biden,"",.001325,.003025,,207,14:02:03  3 Sep 2020,40000
2020,President,polls-plus,9/3/2020,Trump,Biden,"",.001625,.001225,,206,14:02:03  3 Sep 2020,40000
2020,President,polls-plus,9/3/2020,Trump,Biden,"",.007825,.002775,,205,14:02:03  3 Sep 2020,40000
2020,President,polls-plus,9/3/2020,Trump,Biden,"",.020625,.00155,,204,14:02:03  3 Sep 2020,40000
2020,President,polls-plus,9/3/2020,Trump,Biden,"",.007025,.003825,,203,14:02:03  3 Sep 2020,40000
2020,President,polls-plus,9/3/2020,Trump,Biden,"",.002325,.0018,,202,14:02:03  3 Sep 2020,40000
2020,President,polls-plus,9/3/2020,Trump,Biden,"",.006,.0094,,201,14:02:03  3 Sep 2020,40000
2020,President,polls-plus,9/3/2020,Trump,Biden,"",.003075,.002225,,200,14:02:03  3 Sep 2020,40000
2020,President,polls-plus,9/3/2020,Trump,Biden,"",.000425,0,,20,14:02:03  3 Sep 2020,40000
2020,President,polls-plus,9/3/2020,Trump,Biden,"",0,0,,2,14:02:03  3 Sep 2020,40000
2020,President,polls-plus,9/3/2020,Trump,Biden,"",.002375,.00175,,199,14:02:03  3 Sep 2020,40000
2020,President,polls-plus,9/3/2020,Trump,Biden,"",.00385,.002225,,198,14:02:03  3 Sep 2020,40000
2020,President,polls-plus,9/3/2020,Trump,Biden,"",.005275,.002525,,197,14:02:03  3 Sep 2020,40000
2020,President,polls-plus,9/3/2020,Trump,Biden,"",.003575,.0055,,196,14:02:03  3 Sep 2020,40000
2020,President,polls-plus,9/3/2020,Trump,Biden,"",.003275,.0014,,195,14:02:03  3 Sep 2020,40000
2020,President,polls-plus,9/3/2020,Trump,Biden,"",.004,.00435,,194,14:02:03  3 Sep 2020,40000
2020,President,polls-plus,9/3/2020,Trump,Biden,"",.00155,.001625,,193,14:02:03  3 Sep 2020,40000
2020,President,polls-plus,9/3/2020,Trump,Biden,"",.00175,.001075,,192,14:02:03  3 Sep 2020,40000
2020,President,polls-plus,9/3/2020,Trump,Biden,"",.0026,.000975,,191,14:02:03  3 Sep 2020,40000
2020,President,polls-plus,9/3/2020,Trump,Biden,"",.002975,.001475,,190,14:02:03  3 Sep 2020,40000
2020,President,polls-plus,9/3/2020,Trump,Biden,"",.0001,0,,19,14:02:03  3 Sep 2020,40000
2020,President,polls-plus,9/3/2020,Trump,Biden,"",.002375,.004775,,189,14:02:03  3 Sep 2020,40000
2020,President,polls-plus,9/3/2020,Trump,Biden,"",.0083,.005475,,188,14:02:03  3 Sep 2020,40000
2020,President,polls-plus,9/3/2020,Trump,Biden,"",.003075,.001525,,187,14:02:03  3 Sep 2020,40000
2020,President,polls-plus,9/3/2020,Trump,Biden,"",.01115,.000775,,186,14:02:03  3 Sep 2020,40000
2020,President,polls-plus,9/3/2020,Trump,Biden,"",.00935,.0013,,185,14:02:03  3 Sep 2020,40000
2020,President,polls-plus,9/3/2020,Trump,Biden,"",.00145,.000775,,184,14:02:03  3 Sep 2020,40000
2020,President,polls-plus,9/3/2020,Trump,Biden,"",.0019,.00385,,183,14:02:03  3 Sep 2020,40000
2020,President,polls-plus,9/3/2020,Trump,Biden,"",.003825,.001775,,182,14:02:03  3 Sep 2020,40000
2020,President,polls-plus,9/3/2020,Trump,Biden,"",.00315,.002075,,181,14:02:03  3 Sep 2020,40000
2020,President,polls-plus,9/3/2020,Trump,Biden,"",.0059,.00125,,180,14:02:03  3 Sep 2020,40000
2020,President,polls-plus,9/3/2020,Trump,Biden,"",.00015,0,,18,14:02:03  3 Sep 2020,40000
2020,President,polls-plus,9/3/2020,Trump,Biden,"",.01195,.000525,,179,14:02:03  3 Sep 2020,40000
2020,President,polls-plus,9/3/2020,Trump,Biden,"",.0018,.000425,,178,14:02:03  3 Sep 2020,40000
2020,President,polls-plus,9/3/2020,Trump,Biden,"",.00275,.000475,,177,14:02:03  3 Sep 2020,40000
2020,President,polls-plus,9/3/2020,Trump,Biden,"",.005775,.004425,,176,14:02:03  3 Sep 2020,40000
2020,President,polls-plus,9/3/2020,Trump,Biden,"",.002,.004475,,175,14:02:03  3 Sep 2020,40000
2020,President,polls-plus,9/3/2020,Trump,Biden,"",.002025,.000775,,174,14:02:03  3 Sep 2020,40000
2020,President,polls-plus,9/3/2020,Trump,Biden,"",.0029,.0004,,173,14:02:03  3 Sep 2020,40000
2020,President,polls-plus,9/3/2020,Trump,Biden,"",.0012,.0011,,172,14:02:03  3 Sep 2020,40000
2020,President,polls-plus,9/3/2020,Trump,Biden,"",.001925,.0009,,171,14:02:03  3 Sep 2020,40000
2020,President,polls-plus,9/3/2020,Trump,Biden,"",.006825,.0002,,170,14:02:03  3 Sep 2020,40000
2020,President,polls-plus,9/3/2020,Trump,Biden,"",.000225,0,,17,14:02:03  3 Sep 2020,40000
2020,President,polls-plus,9/3/2020,Trump,Biden,"",.004,.0007,,169,14:02:03  3 Sep 2020,40000
2020,President,polls-plus,9/3/2020,Trump,Biden,"",.001125,.001125,,168,14:02:03  3 Sep 2020,40000
2020,President,polls-plus,9/3/2020,Trump,Biden,"",.002375,.0006,,167,14:02:03  3 Sep 2020,40000
2020,President,polls-plus,9/3/2020,Trump,Biden,"",.00445,.00035,,166,14:02:03  3 Sep 2020,40000
2020,President,polls-plus,9/3/2020,Trump,Biden,"",.0017,.00035,,165,14:02:03  3 Sep 2020,40000
2020,President,polls-plus,9/3/2020,Trump,Biden,"",.00665,.0008,,164,14:02:03  3 Sep 2020,40000
2020,President,polls-plus,9/3/2020,Trump,Biden,"",.01105,.000525,,163,14:02:03  3 Sep 2020,40000
2020,President,polls-plus,9/3/2020,Trump,Biden,"",.001525,.001025,,162,14:02:03  3 Sep 2020,40000
2020,President,polls-plus,9/3/2020,Trump,Biden,"",.002125,.000775,,161,14:02:03  3 Sep 2020,40000
2020,President,polls-plus,9/3/2020,Trump,Biden,"",.00525,.00045,,160,14:02:03  3 Sep 2020,40000
2020,President,polls-plus,9/3/2020,Trump,Biden,"",.00035,0,,16,14:02:03  3 Sep 2020,40000
2020,President,polls-plus,9/3/2020,Trump,Biden,"",.001675,.000525,,159,14:02:03  3 Sep 2020,40000
2020,President,polls-plus,9/3/2020,Trump,Biden,"",.0015,.00035,,158,14:02:03  3 Sep 2020,40000
2020,President,polls-plus,9/3/2020,Trump,Biden,"",.00355,.000575,,157,14:02:03  3 Sep 2020,40000
2020,President,polls-plus,9/3/2020,Trump,Biden,"",.00175,.000375,,156,14:02:03  3 Sep 2020,40000
2020,President,polls-plus,9/3/2020,Trump,Biden,"",.001425,.000525,,155,14:02:03  3 Sep 2020,40000
2020,President,polls-plus,9/3/2020,Trump,Biden,"",.0021,.0008,,154,14:02:03  3 Sep 2020,40000
2020,President,polls-plus,9/3/2020,Trump,Biden,"",.00125,.00005,,153,14:02:03  3 Sep 2020,40000
2020,President,polls-plus,9/3/2020,Trump,Biden,"",.001575,.000075,,152,14:02:03  3 Sep 2020,40000
2020,President,polls-plus,9/3/2020,Trump,Biden,"",.001725,.0005,,151,14:02:03  3 Sep 2020,40000
2020,President,polls-plus,9/3/2020,Trump,Biden,"",.004425,.001075,,150,14:02:03  3 Sep 2020,40000
2020,President,polls-plus,9/3/2020,Trump,Biden,"",.000125,0,,15,14:02:03  3 Sep 2020,40000
2020,President,polls-plus,9/3/2020,Trump,Biden,"",.0015,.000325,,149,14:02:03  3 Sep 2020,40000
2020,President,polls-plus,9/3/2020,Trump,Biden,"",.003525,.00015,,148,14:02:03  3 Sep 2020,40000
2020,President,polls-plus,9/3/2020,Trump,Biden,"",.003475,.0003,,147,14:02:03  3 Sep 2020,40000
2020,President,polls-plus,9/3/2020,Trump,Biden,"",.000825,.00025,,146,14:02:03  3 Sep 2020,40000
2020,President,polls-plus,9/3/2020,Trump,Biden,"",.00145,.000175,,145,14:02:03  3 Sep 2020,40000
2020,President,polls-plus,9/3/2020,Trump,Biden,"",.0034,.0002,,144,14:02:03  3 Sep 2020,40000
2020,President,polls-plus,9/3/2020,Trump,Biden,"",.00145,.0001,,143,14:02:03  3 Sep 2020,40000
2020,President,polls-plus,9/3/2020,Trump,Biden,"",.003425,.00025,,142,14:02:03  3 Sep 2020,40000
2020,President,polls-plus,9/3/2020,Trump,Biden,"",.006875,.000125,,141,14:02:03  3 Sep 2020,40000
2020,President,polls-plus,9/3/2020,Trump,Biden,"",.001,.00005,,140,14:02:03  3 Sep 2020,40000
2020,President,polls-plus,9/3/2020,Trump,Biden,"",.0001,0,,14,14:02:03  3 Sep 2020,40000
2020,President,polls-plus,9/3/2020,Trump,Biden,"",.00145,.0003,,139,14:02:03  3 Sep 2020,40000
2020,President,polls-plus,9/3/2020,Trump,Biden,"",.004225,.000325,,138,14:02:03  3 Sep 2020,40000
2020,President,polls-plus,9/3/2020,Trump,Biden,"",.001,.000125,,137,14:02:03  3 Sep 2020,40000
2020,President,polls-plus,9/3/2020,Trump,Biden,"",.0013,0,,136,14:02:03  3 Sep 2020,40000
2020,President,polls-plus,9/3/2020,Trump,Biden,"",.002075,.000125,,135,14:02:03  3 Sep 2020,40000
2020,President,polls-plus,9/3/2020,Trump,Biden,"",.001275,.00025,,134,14:02:03  3 Sep 2020,40000
2020,President,polls-plus,9/3/2020,Trump,Biden,"",.001075,.0001,,133,14:02:03  3 Sep 2020,40000
2020,President,polls-plus,9/3/2020,Trump,Biden,"",.00605,.000025,,132,14:02:03  3 Sep 2020,40000
2020,President,polls-plus,9/3/2020,Trump,Biden,"",.002775,.000175,,131,14:02:03  3 Sep 2020,40000
2020,President,polls-plus,9/3/2020,Trump,Biden,"",.0012,.000375,,130,14:02:03  3 Sep 2020,40000
2020,President,polls-plus,9/3/2020,Trump,Biden,"",.00015,0,,13,14:02:03  3 Sep 2020,40000
2020,President,polls-plus,9/3/2020,Trump,Biden,"",.002075,.00005,,129,14:02:03  3 Sep 2020,40000
2020,President,polls-plus,9/3/2020,Trump,Biden,"",.002225,.00005,,128,14:02:03  3 Sep 2020,40000
2020,President,polls-plus,9/3/2020,Trump,Biden,"",.001025,.000225,,127,14:02:03  3 Sep 2020,40000
2020,President,polls-plus,9/3/2020,Trump,Biden,"",.010475,.000075,,126,14:02:03  3 Sep 2020,40000
2020,President,polls-plus,9/3/2020,Trump,Biden,"",.016225,.0001,,125,14:02:03  3 Sep 2020,40000
2020,President,polls-plus,9/3/2020,Trump,Biden,"",.001325,.000025,,124,14:02:03  3 Sep 2020,40000
2020,President,polls-plus,9/3/2020,Trump,Biden,"",.004175,.00005,,123,14:02:03  3 Sep 2020,40000
2020,President,polls-plus,9/3/2020,Trump,Biden,"",.011025,.0001,,122,14:02:03  3 Sep 2020,40000
2020,President,polls-plus,9/3/2020,Trump,Biden,"",.0015,.000025,,121,14:02:03  3 Sep 2020,40000
2020,President,polls-plus,9/3/2020,Trump,Biden,"",.00185,.000025,,120,14:02:03  3 Sep 2020,40000
2020,President,polls-plus,9/3/2020,Trump,Biden,"",.0001,0,,12,14:02:03  3 Sep 2020,40000
2020,President,polls-plus,9/3/2020,Trump,Biden,"",.0054,.000075,,119,14:02:03  3 Sep 2020,40000
2020,President,polls-plus,9/3/2020,Trump,Biden,"",.001475,.000275,,118,14:02:03  3 Sep 2020,40000
2020,President,polls-plus,9/3/2020,Trump,Biden,"",.003125,.00005,,117,14:02:03  3 Sep 2020,40000
2020,President,polls-plus,9/3/2020,Trump,Biden,"",.0062,0,,116,14:02:03  3 Sep 2020,40000
2020,President,polls-plus,9/3/2020,Trump,Biden,"",.002175,.000175,,115,14:02:03  3 Sep 2020,40000
2020,President,polls-plus,9/3/2020,Trump,Biden,"",.00185,.00005,,114,14:02:03  3 Sep 2020,40000
2020,President,polls-plus,9/3/2020,Trump,Biden,"",.005375,.00005,,113,14:02:03  3 Sep 2020,40000
2020,President,polls-plus,9/3/2020,Trump,Biden,"",.00315,.00005,,112,14:02:03  3 Sep 2020,40000
2020,President,polls-plus,9/3/2020,Trump,Biden,"",.002575,.000075,,111,14:02:03  3 Sep 2020,40000
2020,President,polls-plus,9/3/2020,Trump,Biden,"",.0033,.000025,,110,14:02:03  3 Sep 2020,40000
2020,President,polls-plus,9/3/2020,Trump,Biden,"",.000275,.000025,,11,14:02:03  3 Sep 2020,40000
2020,President,polls-plus,9/3/2020,Trump,Biden,"",.00295,0,,109,14:02:03  3 Sep 2020,40000
2020,President,polls-plus,9/3/2020,Trump,Biden,"",.001525,.000125,,108,14:02:03  3 Sep 2020,40000
2020,President,polls-plus,9/3/2020,Trump,Biden,"",.002925,.00005,,107,14:02:03  3 Sep 2020,40000
2020,President,polls-plus,9/3/2020,Trump,Biden,"",.002625,.0001,,106,14:02:03  3 Sep 2020,40000
2020,President,polls-plus,9/3/2020,Trump,Biden,"",.00115,.00005,,105,14:02:03  3 Sep 2020,40000
2020,President,polls-plus,9/3/2020,Trump,Biden,"",.001625,.00005,,104,14:02:03  3 Sep 2020,40000
2020,President,polls-plus,9/3/2020,Trump,Biden,"",.004375,.000025,,103,14:02:03  3 Sep 2020,40000
2020,President,polls-plus,9/3/2020,Trump,Biden,"",.00245,0,,102,14:02:03  3 Sep 2020,40000
2020,President,polls-plus,9/3/2020,Trump,Biden,"",.001375,.000125,,101,14:02:03  3 Sep 2020,40000
2020,President,polls-plus,9/3/2020,Trump,Biden,"",.002975,.000025,,100,14:02:03  3 Sep 2020,40000
2020,President,polls-plus,9/3/2020,Trump,Biden,"",.000075,0,,10,14:02:03  3 Sep 2020,40000
2020,President,polls-plus,9/3/2020,Trump,Biden,"",.000125,0,,1,14:02:03  3 Sep 2020,40000
2020,President,polls-plus,9/3/2020,Trump,Biden,"",.0001,0,,0,14:02:03  3 Sep 2020,40000
